index	case_id	J-ClinicalBench discharge summary (data/raw/DS/)	J-ClinicalBench progress notes (data/raw/PN/)
01	118B49-50_高Ca血症	01_118B49-50_高Ca血症.txt	01_118B49-50_高Ca血症_p*.txt
02	118C66-68_脾損傷	02_118C66-68_脾損傷.txt	02_118C66-68_脾損傷_p*.txt
03	118C72-74_HHS	03_118C72-74_HHS.txt	03_118C72-74_HHS_p*.txt
04	118E41-42_SAH	04_118E41-42_SAH.txt	04_118E41-42_SAH_p*.txt
05	118F61-63_術後PE	05_118F61-63_術後PE.txt	05_118F61-63_術後PE_p*.txt
06	118F64-66_胸髄損傷	06_118F64-66_胸髄損傷.txt	06_118F64-66_胸髄損傷_p*.txt
07	118F67-69_尿路感染症	07_118F67-69_尿路感染症.txt	07_118F67-69_尿路感染症_p*.txt
08	118F70-72_有機リン中毒	08_118F70-72_有機リン中毒.txt	08_118F70-72_有機リン中毒_p*.txt
09	118A19_肺血栓塞栓症	09_118A19_肺血栓塞栓症.txt	09_118A19_肺血栓塞栓症_p*.txt
10	118A69_胆管結石胆管炎	10_118A69_胆管結石胆管炎.txt	10_118A69_胆管結石胆管炎_p*.txt
11	118A57_穿孔性腹膜炎	11_118A57_穿孔性腹膜炎.txt	11_118A57_穿孔性腹膜炎_p*.txt
12	118B35_緊張性気胸	12_118B35_緊張性気胸.txt	12_118B35_緊張性気胸_p*.txt
13	118B41-42_肝性脳症	13_118B41-42_肝性脳症.txt	13_118B41-42_肝性脳症_p*.txt
14	118B43-44_急性硬膜下血腫	14_118B43-44_急性硬膜下血腫.txt	14_118B43-44_急性硬膜下血腫_p*.txt
15	118C50_腎損傷	15_118C50_腎損傷.txt	15_118C50_腎損傷_p*.txt
16	118C59_熱中症	16_118C59_熱中症.txt	16_118C59_熱中症_p*.txt
17	118D20_誤嚥性肺炎、偽膜性腸炎	17_118D20_誤嚥性肺炎、偽膜性腸炎.txt	17_118D20_誤嚥性肺炎、偽膜性腸炎_p*.txt
18	118D25_高血圧性心不全	18_118D25_高血圧性心不全.txt	18_118D25_高血圧性心不全_p*.txt
19	118D57_慢性硬膜下血腫	19_118D57_慢性硬膜下血腫.txt	19_118D57_慢性硬膜下血腫_p*.txt
20	118F56_高エネルギー外傷	20_118F56_高エネルギー外傷.txt	20_118F56_高エネルギー外傷_p*.txt
